Repository's Location,Branch,File Formats,Ignore Glob List,Ignore standalone config,Ignore Commits List,Ignore Authors List,Shallow Cloning,Find Previous Authors
https://github.com/darryl-chan/ip.git,master,,tutorials/**;gradlew.bat,,,,,
https://github.com/gowthaman-01/ip.git,master,,tutorials/**;gradlew.bat,,,,,
https://github.com/ChrisHo1341/ip.git,master,,tutorials/**;gradlew.bat,,,,,
https://github.com/sebin0817/ip.git,master,,tutorials/**;gradlew.bat,,,,,
https://github.com/Morninggloryyy/ip.git,master,,tutorials/**;gradlew.bat,,,,,
https://github.com/tanjiajiajun/ip.git,master,,tutorials/**;gradlew.bat,,,,,
https://github.com/Arixeyeion/ip.git,master,,tutorials/**;gradlew.bat,,,,,
https://github.com/jeremiahlzz/ip.git,master,,tutorials/**;gradlew.bat,,,,,
https://github.com/joenus/ip.git,master,,tutorials/**;gradlew.bat,,,,,
https://github.com/xinen26/ip.git,master,,tutorials/**;gradlew.bat,,,,,
https://github.com/matthewken19/ip.git,master,,tutorials/**;gradlew.bat,,,,,
https://github.com/YuZizhen/ip.git,master,,tutorials/**;gradlew.bat,,,,,
https://github.com/marclamp/ip.git,master,,tutorials/**;gradlew.bat,,,,,
https://github.com/JerryWang0000/ip.git,master,,tutorials/**;gradlew.bat,,,,,
https://github.com/fy17ohhh/ip.git,master,,tutorials/**;gradlew.bat,,,,,
https://github.com/lihaoquan/ip.git,master,,tutorials/**;gradlew.bat,,,,,
https://github.com/guohuang88/ip.git,master,,tutorials/**;gradlew.bat,,,,,
https://github.com/redcolorbicycle/ip.git,master,,tutorials/**;gradlew.bat,,,,,
https://github.com/Jerome-j/ip.git,master,,tutorials/**;gradlew.bat,,,,,
https://github.com/sethteo/ip.git,master,,tutorials/**;gradlew.bat,,,,,
https://github.com/TopKec/ip.git,master,,tutorials/**;gradlew.bat,,,,,
https://github.com/joelgoh1/ip.git,master,,tutorials/**;gradlew.bat,,,,,
https://github.com/chewbum/ip.git,master,,tutorials/**;gradlew.bat,,,,,
https://github.com/timothysashimi/ip.git,master,,tutorials/**;gradlew.bat,,,,,
https://github.com/beefsausagee/ip.git,master,,tutorials/**;gradlew.bat,,,,,
https://github.com/jaejayrome/ip.git,master,,tutorials/**;gradlew.bat,,,,,
https://github.com/KhoonSun47/ip.git,master,,tutorials/**;gradlew.bat,,,,,
https://github.com/Dethada/ip.git,master,,tutorials/**;gradlew.bat,,,,,
https://github.com/AL-ZT/ip.git,master,,tutorials/**;gradlew.bat,,,,,
https://github.com/Javiery3889/ip.git,master,,tutorials/**;gradlew.bat,,,,,
https://github.com/garywongkai/ip.git,master,,tutorials/**;gradlew.bat,,,,,
https://github.com/ys112/ip.git,master,,tutorials/**;gradlew.bat,,,,,
https://github.com/jmsandiegoo/ip.git,master,,tutorials/**;gradlew.bat,,,,,
https://github.com/KohGuanZeh/ip.git,master,,tutorials/**;gradlew.bat,,,,,
https://github.com/felixchanyy/ip.git,master,,tutorials/**;gradlew.bat,,,,,
https://github.com/tanqinyong/ip.git,master,,tutorials/**;gradlew.bat,,,,,
https://github.com/Hwww23/ip.git,master,,tutorials/**;gradlew.bat,,,,,
https://github.com/zengzihui/ip.git,master,,tutorials/**;gradlew.bat,,,,,
https://github.com/Pluiexo/ip.git,master,,tutorials/**;gradlew.bat,,,,,
https://github.com/yap-zong-xin/ip.git,master,,tutorials/**;gradlew.bat,,,,,
https://github.com/JonChong98/ip.git,master,,tutorials/**;gradlew.bat,,,,,
https://github.com/lokidoki102/ip.git,master,,tutorials/**;gradlew.bat,,,,,
https://github.com/choowengyan/ip.git,master,,tutorials/**;gradlew.bat,,,,,
https://github.com/SherisseTJW/ip.git,master,,tutorials/**;gradlew.bat,,,,,
https://github.com/iynixil/ip.git,master,,tutorials/**;gradlew.bat,,,,,
https://github.com/whitesnowx/ip.git,master,,tutorials/**;gradlew.bat,,,,,
https://github.com/AwJoey/ip.git,master,,tutorials/**;gradlew.bat,,,,,
https://github.com/rickkoh/ip.git,master,,tutorials/**;gradlew.bat,,,,,
https://github.com/caitlyntang/ip.git,master,,tutorials/**;gradlew.bat,,,,,
https://github.com/tsulim/ip.git,master,,tutorials/**;gradlew.bat,,,,,
https://github.com/Darylgolden/ip.git,master,,tutorials/**;gradlew.bat,,,,,
https://github.com/biinnnggggg/ip.git,master,,tutorials/**;gradlew.bat,,,,,
https://github.com/itstrueitstrueitsrealitsreal/ip.git,master,,tutorials/**;gradlew.bat,,,,,
https://github.com/vnnamng/ip.git,master,,tutorials/**;gradlew.bat,,,,,
https://github.com/minwaiphyo/ip.git,master,,tutorials/**;gradlew.bat,,,,,
https://github.com/amanzainal/ip.git,master,,tutorials/**;gradlew.bat,,,,,
https://github.com/raysonchia/ip.git,master,,tutorials/**;gradlew.bat,,,,,
https://github.com/zoebelle-pang/ip.git,master,,tutorials/**;gradlew.bat,,,,,
https://github.com/DominicFuMJ/ip.git,master,,tutorials/**;gradlew.bat,,,,,
https://github.com/NeoHW/ip.git,master,,tutorials/**;gradlew.bat,,,,,
https://github.com/ZhiWei1010/ip.git,master,,tutorials/**;gradlew.bat,,,,,
https://github.com/tankh99/ip.git,master,,tutorials/**;gradlew.bat,,,,,
https://github.com/YuvBindal/ip.git,master,,tutorials/**;gradlew.bat,,,,,
https://github.com/chiralcentre/ip.git,master,,tutorials/**;gradlew.bat,,,,,
https://github.com/cocoanautz/ip.git,master,,tutorials/**;gradlew.bat,,,,,
https://github.com/peterXGD/ip.git,master,,tutorials/**;gradlew.bat,,,,,
https://github.com/martinng01/ip.git,master,,tutorials/**;gradlew.bat,,,,,
https://github.com/pjanthony2001/ip.git,master,,tutorials/**;gradlew.bat,,,,,
https://github.com/yuechen2001/ip.git,master,,tutorials/**;gradlew.bat,,,,,
https://github.com/SampsonYe1999/ip.git,master,,tutorials/**;gradlew.bat,,,,,
https://github.com/ejnan/ip.git,master,,tutorials/**;gradlew.bat,,,,,
https://github.com/xiaorui-ui/ip.git,master,,tutorials/**;gradlew.bat,,,,,
https://github.com/qinboan/ip.git,master,,tutorials/**;gradlew.bat,,,,,
https://github.com/qinxutan/ip.git,master,,tutorials/**;gradlew.bat,,,,,
https://github.com/S-Aishvarya/ip.git,master,,tutorials/**;gradlew.bat,,,,,
https://github.com/zhekaiii/ip.git,master,,tutorials/**;gradlew.bat,,,,,
https://github.com/taeewonnn/ip.git,master,,tutorials/**;gradlew.bat,,,,,
https://github.com/hjungwoo01/ip.git,master,,tutorials/**;gradlew.bat,,,,,
https://github.com/ForAeons/ip.git,master,,tutorials/**;gradlew.bat,,,,,
https://github.com/minghowC/ip.git,master,,tutorials/**;gradlew.bat,,,,,
https://github.com/E0735389/ip.git,master,,tutorials/**;gradlew.bat,,,,,
https://github.com/Ty-stan0417/ip.git,master,,tutorials/**;gradlew.bat,,,,,
https://github.com/dabzpengu/ip.git,master,,tutorials/**;gradlew.bat,,,,,
https://github.com/rizkidelta/ip.git,master,,tutorials/**;gradlew.bat,,,,,
https://github.com/wilsonwid/ip.git,master,,tutorials/**;gradlew.bat,,,,,
https://github.com/chiageng/ip.git,master,,tutorials/**;gradlew.bat,,,,,
https://github.com/julia-cp/ip.git,master,,tutorials/**;gradlew.bat,,,,,
https://github.com/ZHANGTIANYAO1/ip.git,master,,tutorials/**;gradlew.bat,,,,,
https://github.com/tahsinhasem/ip.git,master,,tutorials/**;gradlew.bat,,,,,
https://github.com/LifHoshi/ip.git,master,,tutorials/**;gradlew.bat,,,,,
https://github.com/ananya21/ip.git,master,,tutorials/**;gradlew.bat,,,,,
https://github.com/acekhoon/ip.git,master,,tutorials/**;gradlew.bat,,,,,
https://github.com/willowisp01/ip.git,master,,tutorials/**;gradlew.bat,,,,,
https://github.com/Jajared/ip.git,master,,tutorials/**;gradlew.bat,,,,,
https://github.com/JerryO3/ip.git,master,,tutorials/**;gradlew.bat,,,,,
https://github.com/cyqjoseph/ip.git,master,,tutorials/**;gradlew.bat,,,,,
https://github.com/jieqiboh/ip.git,master,,tutorials/**;gradlew.bat,,,,,
https://github.com/theman-oj10/ip.git,master,,tutorials/**;gradlew.bat,,,,,
https://github.com/owenong1/ip.git,master,,tutorials/**;gradlew.bat,,,,,
https://github.com/aureliony/ip.git,master,,tutorials/**;gradlew.bat,,,,,
https://github.com/yisiox/ip.git,master,,tutorials/**;gradlew.bat,,,,,
https://github.com/Darkarche3/ip.git,master,,tutorials/**;gradlew.bat,,,,,
https://github.com/Jolonauh/ip.git,master,,tutorials/**;gradlew.bat,,,,,
https://github.com/kervyntan/ip.git,master,,tutorials/**;gradlew.bat,,,,,
https://github.com/yashpola/ip.git,master,,tutorials/**;gradlew.bat,,,,,
https://github.com/wongkj12/ip.git,master,,tutorials/**;gradlew.bat,,,,,
https://github.com/tituschewxj/ip.git,master,,tutorials/**;gradlew.bat,,,,,
https://github.com/Zer0Legion/ip.git,master,,tutorials/**;gradlew.bat,,,,,
https://github.com/g-tejas/ip.git,master,,tutorials/**;gradlew.bat,,,,,
https://github.com/legionlegion/ip.git,master,,tutorials/**;gradlew.bat,,,,,
https://github.com/tanguoyang/ip.git,master,,tutorials/**;gradlew.bat,,,,,
https://github.com/jovantanyk/ip.git,master,,tutorials/**;gradlew.bat,,,,,
https://github.com/Xilef121/ip.git,master,,tutorials/**;gradlew.bat,,,,,
https://github.com/ziiqii/ip.git,master,,tutorials/**;gradlew.bat,,,,,
https://github.com/Bandov/ip.git,master,,tutorials/**;gradlew.bat,,,,,
https://github.com/appleraincoat/ip.git,master,,tutorials/**;gradlew.bat,,,,,
https://github.com/belligerentbeagle/ip.git,master,,tutorials/**;gradlew.bat,,,,,
https://github.com/limrik/ip.git,master,,tutorials/**;gradlew.bat,,,,,
https://github.com/Tsenrae/ip.git,master,,tutorials/**;gradlew.bat,,,,,
https://github.com/nichee/ip.git,master,,tutorials/**;gradlew.bat,,,,,
https://github.com/justincred/ip.git,master,,tutorials/**;gradlew.bat,,,,,
https://github.com/Tanzhiheng26/ip.git,master,,tutorials/**;gradlew.bat,,,,,
https://github.com/cliftonchee/ip.git,master,,tutorials/**;gradlew.bat,,,,,
https://github.com/SimHanKiong/ip.git,master,,tutorials/**;gradlew.bat,,,,,
https://github.com/ChrysanthemumT/ip.git,master,,tutorials/**;gradlew.bat,,,,,
https://github.com/jyztintan/ip.git,master,,tutorials/**;gradlew.bat,,,,,
https://github.com/ondretann/ip.git,master,,tutorials/**;gradlew.bat,,,,,
https://github.com/bryanyee33/ip.git,master,,tutorials/**;gradlew.bat,,,,,
https://github.com/chonghaoen/ip.git,master,,tutorials/**;gradlew.bat,,,,,
https://github.com/ronnnnnnnnn/ip.git,master,,tutorials/**;gradlew.bat,,,,,
https://github.com/ChuaZenKhoon/ip.git,master,,tutorials/**;gradlew.bat,,,,,
https://github.com/gerteck/ip.git,master,,tutorials/**;gradlew.bat,,,,,
https://github.com/ReganChoy/ip.git,master,,tutorials/**;gradlew.bat,,,,,
https://github.com/zhuuyicheng/ip.git,master,,tutorials/**;gradlew.bat,,,,,
https://github.com/chaaaaun/ip.git,master,,tutorials/**;gradlew.bat,,,,,
https://github.com/ChuaZiLong/ip.git,master,,tutorials/**;gradlew.bat,,,,,
https://github.com/Benson15912/ip.git,master,,tutorials/**;gradlew.bat,,,,,
https://github.com/c-wenlong/ip.git,master,,tutorials/**;gradlew.bat,,,,,
https://github.com/gavin331/ip.git,master,,tutorials/**;gradlew.bat,,,,,
https://github.com/CJerrong/ip.git,master,,tutorials/**;gradlew.bat,,,,,
https://github.com/ibnu2651/ip.git,master,,tutorials/**;gradlew.bat,,,,,
https://github.com/1rbg/ip.git,master,,tutorials/**;gradlew.bat,,,,,
https://github.com/alvinnzz/ip.git,master,,tutorials/**;gradlew.bat,,,,,
https://github.com/whelan-low/ip.git,master,,tutorials/**;gradlew.bat,,,,,
https://github.com/ShanylOng/ip.git,master,,tutorials/**;gradlew.bat,,,,,
https://github.com/ReflectiveObsidian/ip.git,master,,tutorials/**;gradlew.bat,,,,,
https://github.com/kwuunnn/ip.git,master,,tutorials/**;gradlew.bat,,,,,
https://github.com/billyhoce/ip.git,master,,tutorials/**;gradlew.bat,,,,,
https://github.com/Ryo-Seah/ip.git,master,,tutorials/**;gradlew.bat,,,,,
https://github.com/meowwtama/ip.git,master,,tutorials/**;gradlew.bat,,,,,
https://github.com/gingerbreaf/ip.git,master,,tutorials/**;gradlew.bat,,,,,
https://github.com/yeoshuheng/ip.git,master,,tutorials/**;gradlew.bat,,,,,
https://github.com/shaunlxw/ip.git,master,,tutorials/**;gradlew.bat,,,,,
https://github.com/DingBao-sys/ip.git,master,,tutorials/**;gradlew.bat,,,,,
https://github.com/ashleyclx/ip.git,master,,tutorials/**;gradlew.bat,,,,,
https://github.com/TheodoreKooo/ip.git,master,,tutorials/**;gradlew.bat,,,,,
https://github.com/casaarlai/ip.git,master,,tutorials/**;gradlew.bat,,,,,
https://github.com/sun-ruiheng/ip.git,master,,tutorials/**;gradlew.bat,,,,,
https://github.com/Fidget-Spinner/ip.git,master,,tutorials/**;gradlew.bat,,,,,
https://github.com/Cedricaca/ip.git,master,,tutorials/**;gradlew.bat,,,,,
https://github.com/YowSiaoKang/ip.git,master,,tutorials/**;gradlew.bat,,,,,
https://github.com/J-wang-CSMA/ip.git,master,,tutorials/**;gradlew.bat,,,,,
https://github.com/Ragnapop/ip.git,master,,tutorials/**;gradlew.bat,,,,,
https://github.com/UdhayaShan1/ip.git,master,,tutorials/**;gradlew.bat,,,,,
https://github.com/tayziyi/ip.git,master,,tutorials/**;gradlew.bat,,,,,
https://github.com/blaukc/ip.git,master,,tutorials/**;gradlew.bat,,,,,
https://github.com/kokerinks/ip.git,master,,tutorials/**;gradlew.bat,,,,,
https://github.com/mahadhir247/ip.git,master,,tutorials/**;gradlew.bat,,,,,
https://github.com/delishad21/ip.git,master,,tutorials/**;gradlew.bat,,,,,
https://github.com/gavingoh99/ip.git,master,,tutorials/**;gradlew.bat,,,,,
https://github.com/kjw142857/ip.git,master,,tutorials/**;gradlew.bat,,,,,
https://github.com/dayn-1/ip.git,master,,tutorials/**;gradlew.bat,,,,,
https://github.com/macareonie/ip.git,master,,tutorials/**;gradlew.bat,,,,,
https://github.com/Rikko1204/ip.git,master,,tutorials/**;gradlew.bat,,,,,
https://github.com/teojunda/ip.git,master,,tutorials/**;gradlew.bat,,,,,
https://github.com/thewongdylan/ip.git,master,,tutorials/**;gradlew.bat,,,,,
https://github.com/bertrandong/ip.git,master,,tutorials/**;gradlew.bat,,,,,
https://github.com/rertyy/ip.git,master,,tutorials/**;gradlew.bat,,,,,
https://github.com/soons1/ip.git,master,,tutorials/**;gradlew.bat,,,,,
https://github.com/solomonng2001/ip.git,master,,tutorials/**;gradlew.bat,,,,,
https://github.com/guanquann/ip.git,master,,tutorials/**;gradlew.bat,,,,,
https://github.com/YuSoonZ/ip.git,master,,tutorials/**;gradlew.bat,,,,,
https://github.com/JuliaPoo/ip.git,master,,tutorials/**;gradlew.bat,,,,,
https://github.com/dillontkh/ip.git,master,,tutorials/**;gradlew.bat,,,,,
https://github.com/camille-readbean/ip.git,master,,tutorials/**;gradlew.bat,,,,,
https://github.com/ruijietay/ip.git,master,,tutorials/**;gradlew.bat,,,,,
https://github.com/HM33-Stu/ip.git,master,,tutorials/**;gradlew.bat,,,,,
https://github.com/nobodyishappy/ip.git,master,,tutorials/**;gradlew.bat,,,,,
https://github.com/yadunut/ip.git,master,,tutorials/**;gradlew.bat,,,,,
https://github.com/breezetall/ip.git,master,,tutorials/**;gradlew.bat,,,,,
https://github.com/jjchee77/ip.git,master,,tutorials/**;gradlew.bat,,,,,
https://github.com/BryanL2303/ip.git,master,,tutorials/**;gradlew.bat,,,,,
https://github.com/RyanNgWH/ip.git,master,,tutorials/**;gradlew.bat,,,,,
https://github.com/Jaspertzx/ip.git,master,,tutorials/**;gradlew.bat,,,,,
https://github.com/smolegz/ip.git,master,,tutorials/**;gradlew.bat,,,,,
https://github.com/azumieflare/ip.git,master,,tutorials/**;gradlew.bat,,,,,
https://github.com/javierng2knus/ip.git,master,,tutorials/**;gradlew.bat,,,,,
https://github.com/SimKianSeng/ip.git,master,,tutorials/**;gradlew.bat,,,,,
https://github.com/jasperng-nus/ip.git,master,,tutorials/**;gradlew.bat,,,,,
https://github.com/HongRay/ip.git,master,,tutorials/**;gradlew.bat,,,,,
https://github.com/kailashgautham/ip.git,master,,tutorials/**;gradlew.bat,,,,,
https://github.com/zhenghuil/ip.git,master,,tutorials/**;gradlew.bat,,,,,
https://github.com/donwong2308/ip.git,master,,tutorials/**;gradlew.bat,,,,,
https://github.com/jayllo-c/ip.git,master,,tutorials/**;gradlew.bat,,,,,
https://github.com/cheahTJ/ip.git,master,,tutorials/**;gradlew.bat,,,,,
https://github.com/triciiaaa/ip.git,master,,tutorials/**;gradlew.bat,,,,,
https://github.com/larainezo/ip.git,master,,tutorials/**;gradlew.bat,,,,,
https://github.com/kailinteoo/ip.git,master,,tutorials/**;gradlew.bat,,,,,
https://github.com/brennalaurentan/ip.git,master,,tutorials/**;gradlew.bat,,,,,
https://github.com/GiselleTan/ip.git,master,,tutorials/**;gradlew.bat,,,,,
https://github.com/taufiq/ip.git,master,,tutorials/**;gradlew.bat,,,,,
https://github.com/xuelinglow/ip.git,master,,tutorials/**;gradlew.bat,,,,,
https://github.com/shunjieee/ip.git,master,,tutorials/**;gradlew.bat,,,,,
https://github.com/SherwynNg/ip.git,master,,tutorials/**;gradlew.bat,,,,,
https://github.com/ValenciaLim/ip.git,master,,tutorials/**;gradlew.bat,,,,,
https://github.com/AndrewOng2066/ip.git,master,,tutorials/**;gradlew.bat,,,,,
https://github.com/MarcusGitty/ip.git,master,,tutorials/**;gradlew.bat,,,,,
https://github.com/Anant1902/ip.git,master,,tutorials/**;gradlew.bat,,,,,
https://github.com/headcube1/ip.git,master,,tutorials/**;gradlew.bat,,,,,
https://github.com/jimseah-0116/ip.git,master,,tutorials/**;gradlew.bat,,,,,
https://github.com/chuahjiajie/ip.git,master,,tutorials/**;gradlew.bat,,,,,
https://github.com/ararchch/ip.git,master,,tutorials/**;gradlew.bat,,,,,
https://github.com/chiaryan/ip.git,master,,tutorials/**;gradlew.bat,,,,,
https://github.com/chengjunyuan/ip.git,master,,tutorials/**;gradlew.bat,,,,,
https://github.com/LimZiJia/ip.git,master,,tutorials/**;gradlew.bat,,,,,
https://github.com/darkvoid32/ip.git,master,,tutorials/**;gradlew.bat,,,,,
https://github.com/maze508/ip.git,master,,tutorials/**;gradlew.bat,,,,,
https://github.com/RingoftheKing/ip.git,master,,tutorials/**;gradlew.bat,,,,,
https://github.com/Rishit02/ip.git,master,,tutorials/**;gradlew.bat,,,,,
https://github.com/drustanyjt/ip.git,master,,tutorials/**;gradlew.bat,,,,,
https://github.com/Dexter-Wong/ip.git,master,,tutorials/**;gradlew.bat,,,,,
https://github.com/jxunze/ip.git,master,,tutorials/**;gradlew.bat,,,,,
https://github.com/Vision-2000/ip.git,master,,tutorials/**;gradlew.bat,,,,,
https://github.com/Derekljh/ip.git,master,,tutorials/**;gradlew.bat,,,,,
https://github.com/alphajae11/ip.git,master,,tutorials/**;gradlew.bat,,,,,
https://github.com/Kappaccinoh/ip.git,master,,tutorials/**;gradlew.bat,,,,,
https://github.com/minreiseah/ip.git,master,,tutorials/**;gradlew.bat,,,,,
https://github.com/yuhinarita/ip.git,master,,tutorials/**;gradlew.bat,,,,,
https://github.com/quelinxiao/ip.git,master,,tutorials/**;gradlew.bat,,,,,
https://github.com/kab-dot/ip.git,master,,tutorials/**;gradlew.bat,,,,,
https://github.com/alfaloo/ip.git,master,,tutorials/**;gradlew.bat,,,,,
https://github.com/doyelee0313/ip.git,master,,tutorials/**;gradlew.bat,,,,,
https://github.com/sdevih/ip.git,master,,tutorials/**;gradlew.bat,,,,,
https://github.com/Emberlynn-Loo/ip.git,master,,tutorials/**;gradlew.bat,,,,,
https://github.com/tejas-1405/ip.git,master,,tutorials/**;gradlew.bat,,,,,
https://github.com/The-Dudeski/ip.git,master,,tutorials/**;gradlew.bat,,,,,
https://github.com/H4mes/ip.git,master,,tutorials/**;gradlew.bat,,,,,
https://github.com/ChocoRagdoll/ip.git,master,,tutorials/**;gradlew.bat,,,,,
https://github.com/dwangwk/ip.git,master,,tutorials/**;gradlew.bat,,,,,
https://github.com/leeweiming3/ip.git,master,,tutorials/**;gradlew.bat,,,,,
https://github.com/tcjazwei/ip.git,master,,tutorials/**;gradlew.bat,,,,,
https://github.com/Wyrkx/ip.git,master,,tutorials/**;gradlew.bat,,,,,
https://github.com/jeong-jaeho/ip.git,master,,tutorials/**;gradlew.bat,,,,,
https://github.com/tohlh/ip.git,master,,tutorials/**;gradlew.bat,,,,,
https://github.com/tzaph/ip.git,master,,tutorials/**;gradlew.bat,,,,,
https://github.com/Ryan-Reno/ip.git,master,,tutorials/**;gradlew.bat,,,,,
https://github.com/PateShin/ip.git,master,,tutorials/**;gradlew.bat,,,,,
https://github.com/PallonCX/ip.git,master,,tutorials/**;gradlew.bat,,,,,
https://github.com/benson1029/ip.git,master,,tutorials/**;gradlew.bat,,,,,
https://github.com/Kaya3842/ip.git,master,,tutorials/**;gradlew.bat,,,,,
https://github.com/JustWeiHao/ip.git,master,,tutorials/**;gradlew.bat,,,,,
https://github.com/chin-herng/ip.git,master,,tutorials/**;gradlew.bat,,,,,
https://github.com/swtan346/ip.git,master,,tutorials/**;gradlew.bat,,,,,
https://github.com/gosongying/ip.git,master,,tutorials/**;gradlew.bat,,,,,
https://github.com/IamZhenHong/ip.git,master,,tutorials/**;gradlew.bat,,,,,
https://github.com/ivan24004/ip.git,master,,tutorials/**;gradlew.bat,,,,,
https://github.com/sarjinius/ip.git,master,,tutorials/**;gradlew.bat,,,,,
https://github.com/shavonneg/ip.git,master,,tutorials/**;gradlew.bat,,,,,
https://github.com/STELLA-LYE/ip.git,master,,tutorials/**;gradlew.bat,,,,,
https://github.com/Lalelulilulela/ip.git,master,,tutorials/**;gradlew.bat,,,,,
https://github.com/eunrcn/ip.git,master,,tutorials/**;gradlew.bat,,,,,
https://github.com/jocelyn-soh/ip.git,master,,tutorials/**;gradlew.bat,,,,,
https://github.com/lynnetteeee/ip.git,master,,tutorials/**;gradlew.bat,,,,,
https://github.com/chenyixin0/ip.git,master,,tutorials/**;gradlew.bat,,,,,
https://github.com/tanjieling0/ip.git,master,,tutorials/**;gradlew.bat,,,,,
https://github.com/alex-setyawan/ip.git,master,,tutorials/**;gradlew.bat,,,,,
https://github.com/peienlim/ip.git,master,,tutorials/**;gradlew.bat,,,,,
https://github.com/danielleloh/ip.git,master,,tutorials/**;gradlew.bat,,,,,
https://github.com/jannaleong/ip.git,master,,tutorials/**;gradlew.bat,,,,,
https://github.com/huekoh/ip.git,master,,tutorials/**;gradlew.bat,,,,,
https://github.com/wapisai/ip.git,master,,tutorials/**;gradlew.bat,,,,,
https://github.com/NatLeong/ip.git,master,,tutorials/**;gradlew.bat,,,,,
https://github.com/Pughal77/ip.git,master,,tutorials/**;gradlew.bat,,,,,
https://github.com/tahnya/ip.git,master,,tutorials/**;gradlew.bat,,,,,
https://github.com/rahhulleee/ip.git,master,,tutorials/**;gradlew.bat,,,,,
https://github.com/tamagochuuu/ip.git,master,,tutorials/**;gradlew.bat,,,,,
https://github.com/Chiarena/ip.git,master,,tutorials/**;gradlew.bat,,,,,
https://github.com/agreatdayy/ip.git,master,,tutorials/**;gradlew.bat,,,,,
https://github.com/CaptainKeqing/ip.git,master,,tutorials/**;gradlew.bat,,,,,
https://github.com/evedaktyl/ip.git,master,,tutorials/**;gradlew.bat,,,,,
https://github.com/zhikaiong2001/ip.git,master,,tutorials/**;gradlew.bat,,,,,
https://github.com/johnyoozhengxian/ip.git,master,,tutorials/**;gradlew.bat,,,,,
https://github.com/KinTatHo/ip.git,master,,tutorials/**;gradlew.bat,,,,,
https://github.com/Joseph31416/ip.git,master,,tutorials/**;gradlew.bat,,,,,
https://github.com/Murugan-Maniish/ip.git,master,,tutorials/**;gradlew.bat,,,,,
https://github.com/Joshy837/ip.git,master,,tutorials/**;gradlew.bat,,,,,
https://github.com/ChenXy128/ip.git,master,,tutorials/**;gradlew.bat,,,,,
https://github.com/jamessinmaojun/ip.git,master,,tutorials/**;gradlew.bat,,,,,
https://github.com/Joelwang22/ip.git,master,,tutorials/**;gradlew.bat,,,,,
https://github.com/shawnnlimm/ip.git,master,,tutorials/**;gradlew.bat,,,,,
https://github.com/erv-teo/ip.git,master,,tutorials/**;gradlew.bat,,,,,
https://github.com/h4ow3i/ip.git,master,,tutorials/**;gradlew.bat,,,,,
https://github.com/ziyang27/ip.git,master,,tutorials/**;gradlew.bat,,,,,
https://github.com/FangRuoqing/ip.git,master,,tutorials/**;gradlew.bat,,,,,
https://github.com/0nesheep/ip.git,master,,tutorials/**;gradlew.bat,,,,,
https://github.com/0-yibai/ip.git,master,,tutorials/**;gradlew.bat,,,,,
https://github.com/jerremyng/ip.git,master,,tutorials/**;gradlew.bat,,,,,
https://github.com/irwynliong/ip.git,master,,tutorials/**;gradlew.bat,,,,,
https://github.com/yorklim/ip.git,master,,tutorials/**;gradlew.bat,,,,,
https://github.com/vannykin/ip.git,master,,tutorials/**;gradlew.bat,,,,,
https://github.com/laney0808/ip.git,master,,tutorials/**;gradlew.bat,,,,,
https://github.com/yapxuanxuan/ip.git,master,,tutorials/**;gradlew.bat,,,,,
https://github.com/Greg-Tan/ip.git,master,,tutorials/**;gradlew.bat,,,,,
https://github.com/taniatsq/ip.git,master,,tutorials/**;gradlew.bat,,,,,
https://github.com/yongkotaro/ip.git,master,,tutorials/**;gradlew.bat,,,,,
https://github.com/tanyunchao/ip.git,master,,tutorials/**;gradlew.bat,,,,,
https://github.com/KiatLun/ip.git,master,,tutorials/**;gradlew.bat,,,,,
https://github.com/Xuyan0518/ip.git,master,,tutorials/**;gradlew.bat,,,,,
https://github.com/cleowenxuan/ip.git,master,,tutorials/**;gradlew.bat,,,,,
https://github.com/logical-1985516/ip.git,master,,tutorials/**;gradlew.bat,,,,,
https://github.com/jessicawyz/ip.git,master,,tutorials/**;gradlew.bat,,,,,
https://github.com/ashleyy2444/ip.git,master,,tutorials/**;gradlew.bat,,,,,
https://github.com/tengcharmaine/ip.git,master,,tutorials/**;gradlew.bat,,,,,
https://github.com/Jawad280/ip.git,master,,tutorials/**;gradlew.bat,,,,,
https://github.com/ThatGirlJam/ip.git,master,,tutorials/**;gradlew.bat,,,,,
https://github.com/saiutkarsh33/ip.git,master,,tutorials/**;gradlew.bat,,,,,
https://github.com/meenulekha/ip.git,master,,tutorials/**;gradlew.bat,,,,,
https://github.com/LargeCrowd/ip.git,master,,tutorials/**;gradlew.bat,,,,,
https://github.com/linnn-7/ip.git,master,,tutorials/**;gradlew.bat,,,,,
https://github.com/maiyasaliha/ip.git,master,,tutorials/**;gradlew.bat,,,,,
https://github.com/jonpwk/ip.git,master,,tutorials/**;gradlew.bat,,,,,
https://github.com/ChillinRage/ip.git,master,,tutorials/**;gradlew.bat,,,,,
https://github.com/moguries/ip.git,master,,tutorials/**;gradlew.bat,,,,,
https://github.com/Alteqa/ip.git,master,,tutorials/**;gradlew.bat,,,,,
https://github.com/Zack-Tay/ip.git,master,,tutorials/**;gradlew.bat,,,,,
https://github.com/marcus-ny/ip.git,master,,tutorials/**;gradlew.bat,,,,,
https://github.com/bennyLCK/ip.git,master,,tutorials/**;gradlew.bat,,,,,
https://github.com/kinjalagarwal1810/ip.git,master,,tutorials/**;gradlew.bat,,,,,
https://github.com/R-Laksh/ip.git,master,,tutorials/**;gradlew.bat,,,,,
https://github.com/Colex2000/ip.git,master,,tutorials/**;gradlew.bat,,,,,
https://github.com/DhiraPT/ip.git,master,,tutorials/**;gradlew.bat,,,,,
https://github.com/yyccbb/ip.git,master,,tutorials/**;gradlew.bat,,,,,
https://github.com/nigel27022001/ip.git,master,,tutorials/**;gradlew.bat,,,,,
https://github.com/shamesjen/ip.git,master,,tutorials/**;gradlew.bat,,,,,
https://github.com/sindhurajain/ip.git,master,,tutorials/**;gradlew.bat,,,,,
https://github.com/ryanlimdx/ip.git,master,,tutorials/**;gradlew.bat,,,,,
https://github.com/hiivan/ip.git,master,,tutorials/**;gradlew.bat,,,,,
https://github.com/Apzure/ip.git,master,,tutorials/**;gradlew.bat,,,,,
https://github.com/bgopi23/ip.git,master,,tutorials/**;gradlew.bat,,,,,
https://github.com/LWS49/ip.git,master,,tutorials/**;gradlew.bat,,,,,
https://github.com/wang-xinrong/ip.git,master,,tutorials/**;gradlew.bat,,,,,
https://github.com/HusseinSafwan02/ip.git,master,,tutorials/**;gradlew.bat,,,,,
https://github.com/Ko-Khan/ip.git,master,,tutorials/**;gradlew.bat,,,,,
https://github.com/yleeyilin/ip.git,master,,tutorials/**;gradlew.bat,,,,,
https://github.com/jiahui0309/ip.git,master,,tutorials/**;gradlew.bat,,,,,
https://github.com/Jayne1010/ip.git,master,,tutorials/**;gradlew.bat,,,,,
https://github.com/getsquared/ip.git,master,,tutorials/**;gradlew.bat,,,,,
https://github.com/kaitinghh/ip.git,master,,tutorials/**;gradlew.bat,,,,,
https://github.com/4llysa/ip.git,master,,tutorials/**;gradlew.bat,,,,,
https://github.com/Lin-Shuang-Shuang/ip.git,master,,tutorials/**;gradlew.bat,,,,,
https://github.com/youdonnnn/ip.git,master,,tutorials/**;gradlew.bat,,,,,
https://github.com/xuwen-ho/ip.git,master,,tutorials/**;gradlew.bat,,,,,
https://github.com/ongzhili/ip.git,master,,tutorials/**;gradlew.bat,,,,,
https://github.com/miffi/ip.git,master,,tutorials/**;gradlew.bat,,,,,
https://github.com/wallacexuhanxiao/ip.git,master,,tutorials/**;gradlew.bat,,,,,
https://github.com/Teee728/ip.git,master,,tutorials/**;gradlew.bat,,,,,
https://github.com/wolffe88/ip.git,master,,tutorials/**;gradlew.bat,,,,,
https://github.com/jskimdev/ip.git,master,,tutorials/**;gradlew.bat,,,,,
https://github.com/reetmitra/ip.git,master,,tutorials/**;gradlew.bat,,,,,
https://github.com/iamtr/ip.git,master,,tutorials/**;gradlew.bat,,,,,
https://github.com/officialchengyud/ip.git,master,,tutorials/**;gradlew.bat,,,,,
https://github.com/GERARDJM018/ip.git,master,,tutorials/**;gradlew.bat,,,,,
https://github.com/howen02/ip.git,master,,tutorials/**;gradlew.bat,,,,,
https://github.com/NusMinato/ip.git,master,,tutorials/**;gradlew.bat,,,,,
https://github.com/hjuntan/ip.git,master,,tutorials/**;gradlew.bat,,,,,
https://github.com/gauravuj/ip.git,master,,tutorials/**;gradlew.bat,,,,,
https://github.com/yespiggy/ip.git,master,,tutorials/**;gradlew.bat,,,,,
https://github.com/Windofbitter/ip.git,master,,tutorials/**;gradlew.bat,,,,,
https://github.com/NewtonKoh/ip.git,master,,tutorials/**;gradlew.bat,,,,,
https://github.com/narwhalsilent/ip.git,master,,tutorials/**;gradlew.bat,,,,,
https://github.com/starsia/ip.git,master,,tutorials/**;gradlew.bat,,,,,
https://github.com/AidenLYT/ip.git,master,,tutorials/**;gradlew.bat,,,,,
https://github.com/nyankoclaws/ip.git,master,,tutorials/**;gradlew.bat,,,,,
https://github.com/angsongyee/ip.git,master,,tutorials/**;gradlew.bat,,,,,
https://github.com/eliotlee68/ip.git,master,,tutorials/**;gradlew.bat,,,,,
https://github.com/Yskie/ip.git,master,,tutorials/**;gradlew.bat,,,,,
https://github.com/faaheem13/ip.git,master,,tutorials/**;gradlew.bat,,,,,
https://github.com/Shauryan123/ip.git,master,,tutorials/**;gradlew.bat,,,,,
https://github.com/MaYuehan/ip.git,master,,tutorials/**;gradlew.bat,,,,,
https://github.com/kaiyi27/ip.git,master,,tutorials/**;gradlew.bat,,,,,
https://github.com/radeon2525/ip.git,master,,tutorials/**;gradlew.bat,,,,,
https://github.com/dedsecrattle/ip.git,master,,tutorials/**;gradlew.bat,,,,,
https://github.com/AdityaB4/ip.git,master,,tutorials/**;gradlew.bat,,,,,
https://github.com/PyromancerBoom/ip.git,master,,tutorials/**;gradlew.bat,,,,,
https://github.com/JiaXinEu/ip.git,master,,tutorials/**;gradlew.bat,,,,,
https://github.com/Ella-e/ip.git,master,,tutorials/**;gradlew.bat,,,,,
https://github.com/yiwern5/ip.git,master,,tutorials/**;gradlew.bat,,,,,
https://github.com/SamuelZero1/ip.git,master,,tutorials/**;gradlew.bat,,,,,
https://github.com/nuyer/ip.git,master,,tutorials/**;gradlew.bat,,,,,
https://github.com/SeaHogs/ip.git,master,,tutorials/**;gradlew.bat,,,,,
https://github.com/TarinPairor/ip.git,master,,tutorials/**;gradlew.bat,,,,,
https://github.com/KSSWSept20/ip.git,master,,tutorials/**;gradlew.bat,,,,,
https://github.com/myang2020/ip.git,master,,tutorials/**;gradlew.bat,,,,,
https://github.com/leepoeaik/ip.git,master,,tutorials/**;gradlew.bat,,,,,
https://github.com/justinlengch/ip.git,master,,tutorials/**;gradlew.bat,,,,,
https://github.com/Li-Zizhen/ip.git,master,,tutorials/**;gradlew.bat,,,,,
https://github.com/ashleygoh1/ip.git,master,,tutorials/**;gradlew.bat,,,,,
https://github.com/Wongqingyee/ip.git,master,,tutorials/**;gradlew.bat,,,,,
https://github.com/AjayArvind2207/ip.git,master,,tutorials/**;gradlew.bat,,,,,
https://github.com/Austintjh19/ip.git,master,,tutorials/**;gradlew.bat,,,,,
https://github.com/jinhanfromNUS/ip.git,master,,tutorials/**;gradlew.bat,,,,,
https://github.com/ziyi22/ip.git,master,,tutorials/**;gradlew.bat,,,,,
https://github.com/menatahari/ip.git,master,,tutorials/**;gradlew.bat,,,,,
https://github.com/ThitipatC/ip.git,master,,tutorials/**;gradlew.bat,,,,,
https://github.com/purivirakarin/ip.git,master,,tutorials/**;gradlew.bat,,,,,
https://github.com/modembcc/ip.git,master,,tutorials/**;gradlew.bat,,,,,
https://github.com/yashma-sonara/ip.git,master,,tutorials/**;gradlew.bat,,,,,
https://github.com/nusliuyifan/ip.git,master,,tutorials/**;gradlew.bat,,,,,
https://github.com/0liverkong/ip.git,master,,tutorials/**;gradlew.bat,,,,,
https://github.com/dhlee03/ip.git,master,,tutorials/**;gradlew.bat,,,,,
https://github.com/shayaansultan/ip.git,master,,tutorials/**;gradlew.bat,,,,,
https://github.com/ljy0422/ip.git,master,,tutorials/**;gradlew.bat,,,,,
https://github.com/JukeBoxK/ip.git,master,,tutorials/**;gradlew.bat,,,,,
https://github.com/Howlong11/ip.git,master,,tutorials/**;gradlew.bat,,,,,
https://github.com/Hibeom0929/ip.git,master,,tutorials/**;gradlew.bat,,,,,
https://github.com/VatsalVitosh/ip.git,master,,tutorials/**;gradlew.bat,,,,,
https://github.com/bachletuankhai/ip.git,master,,tutorials/**;gradlew.bat,,,,,
https://github.com/RunjiaChen/ip.git,master,,tutorials/**;gradlew.bat,,,,,
